<?xml version="1.0" encoding="UTF-8"?>
<metadata>
  <idinfo>
    <citation>
      <citeinfo>
        <origin>P. Ryan Jackson</origin>
        <pubdate>2017</pubdate>
        <title>Two-dimensional, near-surface point measurements of basic water-quality parameters in Lake Michigan at 63rd Street Beach near Chicago, Illinois (September 22, 2016)</title>
        <geoform>These data are formatted as a machine-readable Comma Separated Value (CSV) file</geoform>
        <pubinfo>
          <pubplace>Denver, CO</pubplace>
          <publish>U.S. Geological Survey</publish>
        </pubinfo>
        <onlink>https://doi.org/10.5066/F75Q4T9W</onlink>
        <lworkcit>
          <citeinfo>
            <origin>P. Ryan Jackson</origin>
            <pubdate>2017</pubdate>
            <title>Continuous Monitoring and Synoptic Mapping of Nearshore Water Quality, Currents, and Bathymetry in Lake Michigan at 63rd Street Beach at Hyde Park, Illinois</title>
            <geoform>Publication (other)</geoform>
            <pubinfo>
              <pubplace>Denver, CO</pubplace>
              <publish>U.S. Geological Survey</publish>
            </pubinfo>
            <onlink>https://doi.org/10.5066/F75Q4T9W</onlink>
          </citeinfo>
        </lworkcit>
      </citeinfo>
    </citation>
    <descript>
      <abstract>These data were collected as part of the Great Lakes Restoration Initiative (GLRI) project template 678-1 entitled "Evaluate immediate and long-term BMP effectiveness of GLRI restoration efforts at urban beaches on Southern and Western Lake Michigan". This project is evaluating the effectiveness of projects that are closely associated with restoration of local habitat and contact recreational activities at two GLRI funded sites in Southern Lake Michigan and one non-GLRI site in Western Lake Michigan.  Evaluation of GLRI projects will assess whether goals of recipients are on track and identify any developing unforeseen consequences. Including a third, non-GLRI project site in the evaluation allows comparison between restoration efforts in GLRI and non-GLRI funded projects. Projections and potential complications associated with climate change impacts on restoration resiliency are also being assessed.  Two of the three sites to receive evaluation represent some of the most highly contaminated beaches in the United States and include restoration BMPs which could benefit urban beaches and nearshore areas throughout the Great Lakes.  The urban beaches chosen for evaluation are at various stages of the restoration process and located in Indiana (Jeorse Park Beach), Illinois (63rd Street Beach), and Wisconsin (North Beach). Evaluation of effectiveness of restoration efforts and resiliency to climate change at urban beaches will provide vital information on the success of restoration efforts and identify potential pitfalls that will help maximize success of future GLRI beach and nearshore restoration projects. Data used for evaluation include continuous monitoring and synoptic mapping of nearshore currents, bathymetry, and water quality to examine nearshore transport under a variety of conditions.  In addition, biological evaluations rely upon daily indicator bacteria monitoring, microbial community and shorebird surveys, recreational usage, and other ancillary water quality data. The pre- and post-restoration datasets comprised of these physical, chemical, biological, geological, and social data will allow restoration success to be evaluated using a science-based approach with quantifiable measures of progress.  These data will also allow the evaluation of the resiliency of these restoration efforts under various climate change scenarios using existing climate change predictions and models. 
This data release is comprised of two-dimensional, near-surface point measurements of basic water-quality parameters in coastal Lake Michigan at 63rd Street Beach near Chicago, Illinois, on September 22, 2016. Water-quality parameters include temperature, specific conductance, pH, dissolved oxygen, turbidity, total chlorophyll, and phycocyanin concentration. These data were collected using an EXO2 multiparameter sonde (SN 16F100255) equipped with a version 2 handheld display with a built-in Global Positioning System (GPS) receiver (SN 16N999907), temperature/conductivity probe (SN 16C104865), pH sensor (SN 15M100825), optical dissolved oxygen sensor (SN 15L101706), turbidity sensor (SN 16D100455), total algae phycocyanin smart sensor (SN 16C103752), central wiper, and depth sensor.  The sonde was deployed off the starboard side of a manned survey vessel using a fixed aluminum mount at a depth of approximately 1.5 feet below the water surface. All parameters were sampled at 1-second intervals as the vessel completed the survey of the nearshore zone. The resulting dataset allows for analysis of the two-dimensional distributions of near-surface water-quality parameters in Lake Michigan at 63rd Street Beach.</abstract>
      <purpose>Water-quality parameters are typically measured periodically or continuously at set sampling points or at monitoring stations. By mapping the distribution of water quality in the nearshore simultaneously with mapping of currents and further ensuring that the surveys overlap continuous or discrete sampling points, the temporal variability in continuous measurements can be better understood. These two-dimensional water-quality data were collected simultaneously with a three-dimensional water-quality survey of the same area using an autonomous underwater vehicle (AUV).  These near-surface data provide independent water-quality measurements and subsidize the three-dimensional AUV dataset. Water-quality distributions often reveal insight into local nearshore processes, point sources for pollution, and effects of infrastructure and restoration efforts on nearshore water quality. Finally, these data may be used for calibration or validation of nearshore hydrodynamic and water quality models used to study and improve beach health.</purpose>
      <supplinf>Water-quality parameters were measured using the sensor suite on the EXO2 multiparameter sonde. Each sample has an associated latitude and longitude (WGS84) and sample depth (in feet) below the surface. The horizontal position of the sonde was obtained using the handheld Global Positioning Receiver (GPS) mounted directly above the sonde on the vessel.  Sample depth was measured using a pressure sensor on the sonde. The pressure sensor was calibrated at the start of each survey.  All water-quality sensors were calibrated per YSI and USGS standard methods prior to the start of each survey unless otherwise stated. Any data contained in this dataset with a value of "-9999" are considered bad or missing data and should not be used for analysis.</supplinf>
    </descript>
    <timeperd>
      <timeinfo>
        <sngdate>
          <caldate>20160922</caldate>
        </sngdate>
      </timeinfo>
      <current>ground condition</current>
    </timeperd>
    <status>
      <progress>Complete</progress>
      <update>Not planned</update>
    </status>
    <spdom>
      <bounding>
        <westbc>-87.57702</westbc>
        <eastbc>-87.5658</eastbc>
        <northbc>41.79123</northbc>
        <southbc>41.78064</southbc>
      </bounding>
    </spdom>
    <keywords>
      <theme>
        <themekt>USGS Thesaurus</themekt>
        <themekey>water quality</themekey>
        <themekey>nearshore</themekey>
        <themekey>beach health</themekey>
        <themekey>temperature</themekey>
        <themekey>specific conductance</themekey>
        <themekey>pH</themekey>
        <themekey>dissolved oxygen</themekey>
        <themekey>turbidity</themekey>
        <themekey>chlorophyll</themekey>
        <themekey>phycocyanin</themekey>
      </theme>
      <place>
        <placekt>Geographic Names Information System (GNIS)</placekt>
        <placekey>Lake Michigan</placekey>
        <placekey>Hyde Park</placekey>
        <placekey>Jackson Park</placekey>
        <placekey>63rd Street Beach</placekey>
        <placekey>Cook County</placekey>
        <placekey>Illinois</placekey>
        <placekey>Great Lakes</placekey>
        <placekey>United States</placekey>
      </place>
    </keywords>
    <accconst>none</accconst>
    <useconst>none</useconst>
    <ptcontac>
      <cntinfo>
        <cntperp>
          <cntper>P. Ryan Jackson</cntper>
          <cntorg>U.S. Geological Survey</cntorg>
        </cntperp>
        <cntaddr>
          <addrtype>mailing and physical</addrtype>
          <address>405 N. Goodwin Ave.</address>
          <city>Urbana</city>
          <state>Illinois</state>
          <postal>61801</postal>
          <country>USA</country>
        </cntaddr>
        <cntvoice>217-328-9719</cntvoice>
        <cntemail>pjackson@usgs.gov</cntemail>
      </cntinfo>
    </ptcontac>
    <datacred>These data were collected as a part of the Great Lakes Restoration Initiative</datacred>
  </idinfo>
  <dataqual>
    <attracc>
      <attraccr>No formal attribute accuracy tests were conducted</attraccr>
    </attracc>
    <logic>No formal logical accuracy tests were conducted</logic>
    <complete>Data set is considered complete for the information presented, as described in the abstract. Users are advised to read the rest of the metadata record carefully for additional details.</complete>
    <posacc>
      <horizpa>
        <horizpar>No formal positional accuracy tests were conducted</horizpar>
      </horizpa>
      <vertacc>
        <vertaccr>No formal positional accuracy tests were conducted</vertaccr>
      </vertacc>
    </posacc>
    <lineage>
      <procstep>
        <procdesc>These data have been reviewed, edited, and processed according to USGS policy and a subset of the methods presented in Jackson (2013). 
Jackson, P.R., 2013, Circulation, mixing, and transport in nearshore Lake Erie in the vicinity of Villa Angela Beach and Euclid Creek, Cleveland, Ohio, September 11-12, 2012: U.S. Geological Survey Scientific Investigations Report 2013-5198, 34 p., http://dx.doi.org/10.3133/sir20135198.</procdesc>
        <procdate>20170412</procdate>
      </procstep>
    </lineage>
  </dataqual>
  <spdoinfo>
    <direct>Point</direct>
  </spdoinfo>
  <spref>
    <horizsys>
      <geograph>
        <latres>1.0E-6</latres>
        <longres>1.0E-6</longres>
        <geogunit>Decimal degrees</geogunit>
      </geograph>
      <geodetic>
        <horizdn>World Geodetic System 1984</horizdn>
        <ellips>WGS 84</ellips>
        <semiaxis>6378137.0</semiaxis>
        <denflat>298.257223563</denflat>
      </geodetic>
    </horizsys>
  </spref>
  <eainfo>
    <detailed>
      <enttyp>
        <enttypl>EXO_63rd_22Sep2016.csv</enttypl>
        <enttypd>Comma separated values file containing the time series of basic water-quality data collected using a towed EXO2 multiparamter sonde and EXO 2.0 Handheld display (with built-in GPS receiver) on a fixed (vessel) mount equipped with an EXO temperature/conductivity probe, EXO pH sensor, EXO optical dissolved oxygen sensor, EXO turbidity sensor, and EXO total algae sensor.</enttypd>
        <enttypds>User defined</enttypds>
      </enttyp>
      <attr>
        <attrlabl>year</attrlabl>
        <attrdef>The year the sample was taken</attrdef>
        <attrdefs>Producer defined</attrdefs>
        <attrdomv>
          <rdom>
            <rdommin>2016</rdommin>
            <rdommax>2016</rdommax>
            <attrunit>year</attrunit>
          </rdom>
        </attrdomv>
      </attr>
      <attr>
        <attrlabl>month</attrlabl>
        <attrdef>The month the sample was taken</attrdef>
        <attrdefs>Producer defined</attrdefs>
        <attrdomv>
          <rdom>
            <rdommin>9</rdommin>
            <rdommax>9</rdommax>
            <attrunit>month</attrunit>
          </rdom>
        </attrdomv>
      </attr>
      <attr>
        <attrlabl>day</attrlabl>
        <attrdef>The day the sample was taken</attrdef>
        <attrdefs>Producer defined</attrdefs>
        <attrdomv>
          <rdom>
            <rdommin>22</rdommin>
            <rdommax>22</rdommax>
            <attrunit>day</attrunit>
          </rdom>
        </attrdomv>
      </attr>
      <attr>
        <attrlabl>hour</attrlabl>
        <attrdef>The hour the sample was taken</attrdef>
        <attrdefs>Producer defined</attrdefs>
        <attrdomv>
          <rdom>
            <rdommin>7</rdommin>
            <rdommax>12</rdommax>
            <attrunit>hour</attrunit>
          </rdom>
        </attrdomv>
      </attr>
      <attr>
        <attrlabl>min</attrlabl>
        <attrdef>The minute the sample was taken</attrdef>
        <attrdefs>Producer defined</attrdefs>
        <attrdomv>
          <rdom>
            <rdommin>0</rdommin>
            <rdommax>59</rdommax>
            <attrunit>minute</attrunit>
          </rdom>
        </attrdomv>
      </attr>
      <attr>
        <attrlabl>second</attrlabl>
        <attrdef>The second the sample was taken</attrdef>
        <attrdefs>Producer defined</attrdefs>
        <attrdomv>
          <rdom>
            <rdommin>0</rdommin>
            <rdommax>59</rdommax>
            <attrunit>second</attrunit>
          </rdom>
        </attrdomv>
      </attr>
      <attr>
        <attrlabl>longitude</attrlabl>
        <attrdef>The longitude of the sample, in decimal degrees (WGS84)</attrdef>
        <attrdefs>Producer defined</attrdefs>
        <attrdomv>
          <rdom>
            <rdommin>-87.577</rdommin>
            <rdommax>-87.5658</rdommax>
            <attrunit>decimal degrees</attrunit>
          </rdom>
        </attrdomv>
      </attr>
      <attr>
        <attrlabl>latitude</attrlabl>
        <attrdef>The latitude of the sample, in decimal degrees (WGS84)</attrdef>
        <attrdefs>Producer defined</attrdefs>
        <attrdomv>
          <rdom>
            <rdommin>41.7806</rdommin>
            <rdommax>41.7912</rdommax>
            <attrunit>decimal degrees</attrunit>
          </rdom>
        </attrdomv>
      </attr>
      <attr>
        <attrlabl>sampledepth</attrlabl>
        <attrdef>The depth of the sample below the water surface in feet</attrdef>
        <attrdefs>Producer defined</attrdefs>
        <attrdomv>
          <rdom>
            <rdommin>0.7</rdommin>
            <rdommax>1.8</rdommax>
            <attrunit>feet</attrunit>
          </rdom>
        </attrdomv>
      </attr>
      <attr>
        <attrlabl>pressure</attrlabl>
        <attrdef>The barometric pressure at the time of the sample measured with the handheld, in millimeters mercury</attrdef>
        <attrdefs>Producer defined</attrdefs>
        <attrdomv>
          <rdom>
            <rdommin>747.9</rdommin>
            <rdommax>749.4</rdommax>
            <attrunit>millimeters mercury</attrunit>
          </rdom>
        </attrdomv>
      </attr>
      <attr>
        <attrlabl>temperature</attrlabl>
        <attrdef>Water temperature, in degrees Celsius, measured at the latitude, longitude, sample depth, and time of the sample. Any data contained in this dataset with a value of "-9999" are considered bad or missing data and should not be used for analysis.</attrdef>
        <attrdefs>Producer defined</attrdefs>
        <attrdomv>
          <rdom>
            <rdommin>18.4</rdommin>
            <rdommax>19.8</rdommax>
            <attrunit>degrees Celsius</attrunit>
          </rdom>
        </attrdomv>
      </attr>
      <attr>
        <attrlabl>specificConductance</attrlabl>
        <attrdef>Specific conductance, in milliSiemens per centimeter, measured at the latitude, longitude, sample depth, and time of the sample. Any data contained in this dataset with a value of "-9999" are considered bad or missing data and should not be used for analysis.</attrdef>
        <attrdefs>Producer defined</attrdefs>
        <attrdomv>
          <rdom>
            <rdommin>0.296</rdommin>
            <rdommax>0.324</rdommax>
            <attrunit>milliSiemens per centimeter</attrunit>
          </rdom>
        </attrdomv>
      </attr>
      <attr>
        <attrlabl>salinity</attrlabl>
        <attrdef>Salinity, in parts per thousand, computed from the temperature and specific conductance at the latitude, longitude, sample depth, and time of the sample. Any data contained in this dataset with a value of "-9999" are considered bad or missing data and should not be used for analysis.</attrdef>
        <attrdefs>Producer defined</attrdefs>
        <attrdomv>
          <rdom>
            <rdommin>0.142</rdommin>
            <rdommax>0.155</rdommax>
            <attrunit>parts per thousand</attrunit>
          </rdom>
        </attrdomv>
      </attr>
      <attr>
        <attrlabl>density</attrlabl>
        <attrdef>Density, in kilograms per cubic meter, computed from the temperature and specific conductance at the latitude, longitude, sample depth, and time of the sample. Any data contained in this dataset with a value of "-9999" are considered bad or missing data and should not be used for analysis.</attrdef>
        <attrdefs>Producer defined</attrdefs>
        <attrdomv>
          <rdom>
            <rdommin>998.37</rdommin>
            <rdommax>998.63</rdommax>
            <attrunit>kilograms per cubic meter</attrunit>
          </rdom>
        </attrdomv>
      </attr>
      <attr>
        <attrlabl>pH</attrlabl>
        <attrdef>pH, in standard units, measured at the latitude, longitude, sample depth, and time of the sample. Any data contained in this dataset with a value of "-9999" are considered bad or missing data and should not be used for analysis.</attrdef>
        <attrdefs>Producer defined</attrdefs>
        <attrdomv>
          <rdom>
            <rdommin>8.3</rdommin>
            <rdommax>8.5</rdommax>
            <attrunit>standard units</attrunit>
          </rdom>
        </attrdomv>
      </attr>
      <attr>
        <attrlabl>turbidity</attrlabl>
        <attrdef>Turbidity, in nephelometric turbidity units, measured at the latitude, longitude, sample depth, and time of the sample. Any data contained in this dataset with a value of "-9999" are considered bad or missing data and should not be used for analysis.</attrdef>
        <attrdefs>Producer defined</attrdefs>
        <attrdomv>
          <rdom>
            <rdommin>0.1</rdommin>
            <rdommax>1.5</rdommax>
            <attrunit>nephelometric turbidity units</attrunit>
          </rdom>
        </attrdomv>
      </attr>
      <attr>
        <attrlabl>dissolvedOxygen_pct</attrlabl>
        <attrdef>Dissolved oxygen, in percent saturation, measured at the latitude, longitude, sample depth, and time of the sample. Any data contained in this dataset with a value of "-9999" are considered bad or missing data and should not be used for analysis.</attrdef>
        <attrdefs>Producer defined</attrdefs>
        <attrdomv>
          <rdom>
            <rdommin>99.8</rdommin>
            <rdommax>111.6</rdommax>
            <attrunit>percent saturation</attrunit>
          </rdom>
        </attrdomv>
      </attr>
      <attr>
        <attrlabl>dissolvedOxygen_conc</attrlabl>
        <attrdef>Dissolved oxygen, in milligrams per liter, measured at the latitude, longitude, sample depth, and time of the sample. Any data contained in this dataset with a value of "-9999" are considered bad or missing data and should not be used for analysis.</attrdef>
        <attrdefs>Producer defined</attrdefs>
        <attrdomv>
          <rdom>
            <rdommin>9.1</rdommin>
            <rdommax>10.2</rdommax>
            <attrunit>milligrams per liter</attrunit>
          </rdom>
        </attrdomv>
      </attr>
      <attr>
        <attrlabl>totalChlorophyll_rfu</attrlabl>
        <attrdef>Total chlorophyll, in relative fluorescence units, measured at the latitude, longitude, sample depth, and time of the sample. Units are relative and not absolute since a one-point calibration in deionized water was used for calibration (to set the zero for the sensor). Any data contained in this dataset with a value of "-9999" are considered bad or missing data and should not be used for analysis.</attrdef>
        <attrdefs>Producer defined</attrdefs>
        <attrdomv>
          <rdom>
            <rdommin>-0.02</rdommin>
            <rdommax>0.66</rdommax>
            <attrunit>relative fluorescence units</attrunit>
          </rdom>
        </attrdomv>
      </attr>
      <attr>
        <attrlabl>totalChlorophyll_conc</attrlabl>
        <attrdef>Total chlorophyll, in micrograms per liter (relative), measured at the latitude, longitude, sample depth, and time of the sample. Units are relative and not absolute since a one-point calibration in deionized water was used for calibration (to set the zero for the sensor). Any data contained in this dataset with a value of "-9999" are considered bad or missing data and should not be used for analysis.</attrdef>
        <attrdefs>Producer defined</attrdefs>
        <attrdomv>
          <rdom>
            <rdommin>0.2</rdommin>
            <rdommax>1.2</rdommax>
            <attrunit>micrograms per liter</attrunit>
          </rdom>
        </attrdomv>
      </attr>
      <attr>
        <attrlabl>phycocyanin_rfu</attrlabl>
        <attrdef>Phycocyanin concentration, in relative fluorescence units, measured at the latitude, longitude, sample depth, and time of the sample. Units are relative and not absolute since a one-point calibration in deionized water was used for calibration (to set the zero for the sensor). Any data contained in this dataset with a value of "-9999" are considered bad or missing data and should not be used for analysis.</attrdef>
        <attrdefs>Producer defined</attrdefs>
        <attrdomv>
          <rdom>
            <rdommin>-0.09</rdommin>
            <rdommax>0.16</rdommax>
            <attrunit>relative fluorescence units</attrunit>
          </rdom>
        </attrdomv>
      </attr>
      <attr>
        <attrlabl>phycocyanin_conc</attrlabl>
        <attrdef>Phycocyanin concentration, in cells per milliliter (relative), measured at the latitude, longitude, sample depth, and time of the sample. Units are relative and not absolute since a one-point calibration in deionized water was used for calibration (to set the zero for the sensor). Any data contained in this dataset with a value of "-9999" are considered bad or missing data and should not be used for analysis.</attrdef>
        <attrdefs>Producer defined</attrdefs>
        <attrdomv>
          <rdom>
            <rdommin>0</rdommin>
            <rdommax>0</rdommax>
            <attrunit>cells per milliliter</attrunit>
          </rdom>
        </attrdomv>
      </attr>
      <attr>
        <attrlabl>processingDate</attrlabl>
        <attrdef>The date the raw data were processed (including data review, editing, and graphical analysis) and the processed data file was created. The date format is DD-Month-YYYY.</attrdef>
        <attrdefs>Producer defined</attrdefs>
        <attrdomv>
          <edom>
            <edomv>12-Apr-2017</edomv>
            <edomvd>Processing date</edomvd>
            <edomvds>Producer defined</edomvds>
          </edom>
        </attrdomv>
      </attr>
      <attr>
        <attrlabl>dataFile</attrlabl>
        <attrdef>The name of the raw data file (*.log) containing the data for each sample.</attrdef>
        <attrdefs>Producer defined</attrdefs>
        <attrdomv>
          <edom>
            <edomv>160922-075450-63rdStreet.csv</edomv>
            <edomvd>Filename</edomvd>
            <edomvds>Producer defined</edomvds>
          </edom>
        </attrdomv>
      </attr>
    </detailed>
  </eainfo>
  <distinfo>
    <distrib>
      <cntinfo>
        <cntperp>
          <cntper>U.S. Geological Survey - ScienceBase</cntper>
          <cntorg>U.S. Geological Survey - ScienceBase</cntorg>
        </cntperp>
        <cntaddr>
          <addrtype>mailing and physical</addrtype>
          <address>Denver Federal Center, Building 810, Mail Stop 302</address>
          <city>Denver</city>
          <state>CO</state>
          <postal>80225</postal>
          <country>USA</country>
        </cntaddr>
        <cntvoice>1-888-275-8747</cntvoice>
        <cntemail>sciencebase@usgs.gov</cntemail>
      </cntinfo>
    </distrib>
    <distliab>Any use of trade, firm, or product names is for descriptive purposes only and does not imply endorsement by the U.S. Government. Although this information product, for the most part, is in the public domain, it also contains copyrighted materials as noted in the text. Permission to reproduce copyrighted items must be secured from the copyright owner whenever applicable. The data have been approved for release and publication by the U.S. Geological Survey (USGS). Although the data have been subjected to rigorous review and are substantially complete, the USGS reserves the right to revise the data pursuant to further analysis and review. Furthermore, the data are released on the condition that neither the USGS nor the U.S. Government may be held liable for any damages resulting from authorized or unauthorized use. Although the data have been processed successfully on a computer system at the U.S. Geological Survey, no warranty expressed or implied is made regarding the display or utility of the data on any other system, or for general or scientific purposes, nor shall the act of distribution constitute any such warranty. The U.S. Geological Survey shall not be held liable for improper or incorrect use of the data described and/or contained herein. Users of the data are advised to read all metadata and associated documentation thoroughly to understand appropriate use and data limitations.</distliab>
    <stdorder>
      <digform>
        <digtinfo>
          <formname>ZIP</formname>
          <formvern>None</formvern>
          <formcont>This WinZip file contains the Comma Separated Value (CSV) data file as well as the associated metadata files.</formcont>
        </digtinfo>
        <digtopt>
          <onlinopt>
            <computer>
              <networka>
                <networkr>https://doi.org/10.5066/F75Q4T9W</networkr>
              </networka>
            </computer>
          </onlinopt>
        </digtopt>
      </digform>
      <fees>None</fees>
    </stdorder>
  </distinfo>
  <metainfo>
    <metd>20170620</metd>
    <metc>
      <cntinfo>
        <cntperp>
          <cntper>P. Ryan Jackson</cntper>
          <cntorg>U.S. Geological Survey</cntorg>
        </cntperp>
        <cntpos>Hydrologist</cntpos>
        <cntaddr>
          <addrtype>mailing and physical</addrtype>
          <address>405 N. Goodwin Ave</address>
          <city>Urbana</city>
          <state>Illinois</state>
          <postal>61801</postal>
          <country>USA</country>
        </cntaddr>
        <cntvoice>217-328-9719</cntvoice>
        <cntemail>pjackson@usgs.gov</cntemail>
      </cntinfo>
    </metc>
    <metstdn>Content Standard for Digital Geospatial Metadata</metstdn>
    <metstdv>FGDC-STD-001-1998</metstdv>
  </metainfo>
</metadata>
